employee_id,name,department,salary,status
1001,Employee_1001,Support,44592,Active
1002,Employee_1002,Support,66048,Active
1003,Employee_1003,IT,48289,Active
1004,Employee_1004,Support,127080,Active
1005,Employee_1005,Marketing,85302,Active
1006,Employee_1006,HR,42280,Active
1007,Employee_1007,IT,96237,Active
1008,Employee_1008,Marketing,56062,Inactive
1009,Employee_1009,IT,88878,Inactive
1010,Employee_1010,Operations,143940,Active
1011,Employee_1011,Operations,135620,Active
1012,Employee_1012,Support,85392,Inactive
1013,Employee_1013,Sales,50379,Active
1014,Employee_1014,Operations,74118,Active
1015,Employee_1015,HR,79797,Active
1016,Employee_1016,Sales,141082,Inactive
1017,Employee_1017,Marketing,64671,Active
1018,Employee_1018,Support,90217,Active
1019,Employee_1019,Finance,40328,Inactive
1020,Employee_1020,Operations,112397,Inactive
1021,Employee_1021,Marketing,55203,Active
1022,Employee_1022,HR,116673,Active
1023,Employee_1023,Operations,67930,Active
1024,Employee_1024,Operations,60512,Active
1025,Employee_1025,Finance,66434,Inactive
1026,Employee_1026,Support,139328,Inactive
1027,Employee_1027,IT,78520,Inactive
1028,Employee_1028,IT,117841,Inactive
1029,Employee_1029,Support,119593,Active
1030,Employee_1030,Marketing,113227,Active
1031,Employee_1031,Marketing,125568,Active
1032,Employee_1032,IT,90589,Inactive
1033,Employee_1033,Sales,113886,Active
1034,Employee_1034,Support,72504,Active
1035,Employee_1035,IT,137715,Active
1036,Employee_1036,Operations,71347,Inactive
1037,Employee_1037,Sales,38675,Active
1038,Employee_1038,Marketing,144867,Inactive
1039,Employee_1039,IT,115909,Inactive
1040,Employee_1040,Finance,145957,Inactive
1041,Employee_1041,IT,64718,Active
1042,Employee_1042,IT,127647,Inactive
1043,Employee_1043,Support,106622,Inactive
1044,Employee_1044,Marketing,82350,Inactive
1045,Employee_1045,IT,48131,Inactive
1046,Employee_1046,HR,129061,Active
1047,Employee_1047,Operations,44371,Active
1048,Employee_1048,Support,50969,Inactive
1049,Employee_1049,Marketing,38326,Inactive
1050,Employee_1050,Finance,108104,Inactive
1051,Employee_1051,Marketing,62953,Active
1052,Employee_1052,Support,124466,Active
1053,Employee_1053,Support,145970,Inactive
1054,Employee_1054,Operations,114012,Inactive
1055,Employee_1055,HR,68469,Inactive
1056,Employee_1056,IT,89470,Active
1057,Employee_1057,Support,144799,Inactive
1058,Employee_1058,Marketing,129871,Active
1059,Employee_1059,Marketing,149619,Active
1060,Employee_1060,Operations,111959,Inactive
1061,Employee_1061,Operations,113748,Active
1062,Employee_1062,IT,79009,Active
1063,Employee_1063,Marketing,132056,Active
1064,Employee_1064,Marketing,72487,Inactive
1065,Employee_1065,HR,44662,Inactive
1066,Employee_1066,Operations,135745,Inactive
1067,Employee_1067,IT,37592,Active
1068,Employee_1068,Marketing,40322,Active
1069,Employee_1069,Support,93699,Active
1070,Employee_1070,Operations,99822,Active
1071,Employee_1071,IT,116474,Inactive
1072,Employee_1072,Marketing,51643,Inactive
1073,Employee_1073,Marketing,144351,Inactive
1074,Employee_1074,IT,100686,Active
1075,Employee_1075,Support,70857,Inactive
1076,Employee_1076,Support,115180,Inactive
1077,Employee_1077,Finance,147914,Inactive
1078,Employee_1078,HR,62493,Active
1079,Employee_1079,HR,74313,Active
1080,Employee_1080,Marketing,102603,Active
1081,Employee_1081,Marketing,58864,Active
1082,Employee_1082,HR,122778,Active
1083,Employee_1083,IT,38834,Active
1084,Employee_1084,Operations,73309,Active
1085,Employee_1085,Marketing,61195,Inactive
1086,Employee_1086,Support,93624,Active
1087,Employee_1087,Marketing,47342,Inactive
1088,Employee_1088,IT,132841,Inactive
1089,Employee_1089,Operations,83354,Active
1090,Employee_1090,HR,42704,Inactive
1091,Employee_1091,Sales,85519,Inactive
1092,Employee_1092,Finance,143224,Active
1093,Employee_1093,Support,115649,Active
1094,Employee_1094,HR,82772,Inactive
1095,Employee_1095,Operations,142941,Active
1096,Employee_1096,IT,55112,Active
1097,Employee_1097,Marketing,88800,Active
1098,Employee_1098,Finance,54050,Inactive
1099,Employee_1099,Finance,62742,Active
1100,Employee_1100,Finance,135909,Active
1101,Employee_1101,HR,115477,Active
1102,Employee_1102,HR,128771,Active
1103,Employee_1103,IT,83269,Inactive
1104,Employee_1104,Finance,58016,Inactive
1105,Employee_1105,HR,51579,Inactive
1106,Employee_1106,HR,81173,Inactive
1107,Employee_1107,Operations,132908,Inactive
1108,Employee_1108,Sales,85444,Inactive
1109,Employee_1109,IT,54890,Inactive
1110,Employee_1110,IT,37665,Active
1111,Employee_1111,Support,71104,Active
1112,Employee_1112,HR,106569,Inactive
1113,Employee_1113,Marketing,141767,Active
1114,Employee_1114,HR,96562,Active
1115,Employee_1115,Operations,54356,Active
1116,Employee_1116,Marketing,38907,Active
1117,Employee_1117,Finance,45713,Active
1118,Employee_1118,Marketing,107924,Active
1119,Employee_1119,Marketing,40745,Inactive
1120,Employee_1120,Support,106503,Inactive
1121,Employee_1121,Sales,56772,Inactive
1122,Employee_1122,IT,64814,Inactive
1123,Employee_1123,IT,118039,Inactive
1124,Employee_1124,Finance,71441,Active
1125,Employee_1125,HR,90068,Active
1126,Employee_1126,HR,100468,Active
1127,Employee_1127,Marketing,64760,Active
1128,Employee_1128,Sales,145456,Active
1129,Employee_1129,IT,78434,Inactive
1130,Employee_1130,IT,87433,Inactive
1131,Employee_1131,Marketing,135788,Active
1132,Employee_1132,Support,137099,Inactive
1133,Employee_1133,Support,43577,Active
1134,Employee_1134,Sales,45129,Active
1135,Employee_1135,Support,102512,Active
1136,Employee_1136,Sales,66930,Active
1137,Employee_1137,Support,74942,Active
1138,Employee_1138,Support,113130,Inactive
1139,Employee_1139,Marketing,94032,Inactive
1140,Employee_1140,Operations,36658,Active
1141,Employee_1141,Support,85518,Inactive
1142,Employee_1142,HR,30464,Inactive
1143,Employee_1143,Operations,47146,Inactive
1144,Employee_1144,IT,127154,Inactive
1145,Employee_1145,Marketing,122493,Inactive
1146,Employee_1146,Marketing,31267,Active
1147,Employee_1147,HR,145750,Active
1148,Employee_1148,Marketing,34722,Inactive
1149,Employee_1149,Marketing,102420,Active
1150,Employee_1150,Finance,46704,Active
1151,Employee_1151,Sales,77795,Active
1152,Employee_1152,Sales,57535,Active
1153,Employee_1153,Support,43473,Inactive
1154,Employee_1154,Operations,103385,Inactive
1155,Employee_1155,Marketing,128235,Active
1156,Employee_1156,IT,143325,Active
1157,Employee_1157,Operations,136269,Active
1158,Employee_1158,Finance,33248,Active
1159,Employee_1159,Support,73540,Inactive
1160,Employee_1160,Operations,117806,Active
1161,Employee_1161,Sales,50866,Active
1162,Employee_1162,Finance,144316,Active
1163,Employee_1163,Operations,91694,Active
1164,Employee_1164,IT,137031,Inactive
1165,Employee_1165,Sales,70001,Active
1166,Employee_1166,IT,33101,Active
1167,Employee_1167,Finance,73025,Inactive
1168,Employee_1168,Operations,39099,Inactive
1169,Employee_1169,Sales,114080,Inactive
1170,Employee_1170,Support,140580,Inactive
1171,Employee_1171,HR,45118,Inactive
1172,Employee_1172,IT,106099,Inactive
1173,Employee_1173,HR,44208,Inactive
1174,Employee_1174,Sales,125491,Inactive
1175,Employee_1175,Finance,109457,Active
1176,Employee_1176,Finance,147899,Active
1177,Employee_1177,Sales,35817,Inactive
1178,Employee_1178,HR,98146,Active
1179,Employee_1179,Sales,86531,Active
1180,Employee_1180,Support,73279,Inactive
1181,Employee_1181,Support,141151,Active
1182,Employee_1182,Support,147970,Inactive
1183,Employee_1183,Marketing,70538,Inactive
1184,Employee_1184,Sales,82743,Inactive
1185,Employee_1185,Marketing,46683,Active
1186,Employee_1186,Finance,117153,Inactive
1187,Employee_1187,Support,128059,Active
1188,Employee_1188,Marketing,104593,Inactive
1189,Employee_1189,Finance,101819,Active
1190,Employee_1190,Sales,67606,Active
1191,Employee_1191,Finance,132990,Inactive
1192,Employee_1192,Finance,87905,Inactive
1193,Employee_1193,Support,58010,Inactive
1194,Employee_1194,Operations,148119,Active
1195,Employee_1195,Support,41114,Inactive
1196,Employee_1196,Marketing,117012,Inactive
1197,Employee_1197,HR,137272,Active
1198,Employee_1198,Support,70687,Active
1199,Employee_1199,Operations,56100,Active
1200,Employee_1200,HR,36057,Active
1201,Employee_1201,Finance,110120,Active
1202,Employee_1202,Finance,84321,Active
1203,Employee_1203,Support,121272,Inactive
1204,Employee_1204,Finance,82383,Active
1205,Employee_1205,IT,115990,Active
1206,Employee_1206,Operations,142779,Active
1207,Employee_1207,Operations,85724,Active
1208,Employee_1208,IT,135396,Inactive
1209,Employee_1209,HR,103060,Active
1210,Employee_1210,Operations,45906,Inactive
1211,Employee_1211,IT,135043,Inactive
1212,Employee_1212,Support,99616,Inactive
1213,Employee_1213,Operations,146840,Inactive
1214,Employee_1214,Marketing,136824,Inactive
1215,Employee_1215,Operations,148863,Inactive
1216,Employee_1216,IT,127472,Inactive
1217,Employee_1217,Finance,63972,Active
1218,Employee_1218,Operations,113579,Inactive
1219,Employee_1219,Operations,131931,Inactive
1220,Employee_1220,Support,61358,Inactive
1221,Employee_1221,Finance,40155,Inactive
1222,Employee_1222,IT,65614,Inactive
1223,Employee_1223,Sales,147050,Active
1224,Employee_1224,IT,49769,Active
1225,Employee_1225,Finance,120957,Active
1226,Employee_1226,Support,58043,Active
1227,Employee_1227,Finance,83424,Inactive
1228,Employee_1228,Marketing,91069,Inactive
1229,Employee_1229,HR,57110,Inactive
1230,Employee_1230,Finance,148598,Active
1231,Employee_1231,Operations,145429,Inactive
1232,Employee_1232,Finance,30772,Inactive
1233,Employee_1233,Sales,128759,Inactive
1234,Employee_1234,Operations,146869,Inactive
1235,Employee_1235,Marketing,127978,Active
1236,Employee_1236,Finance,58760,Inactive
1237,Employee_1237,Finance,93654,Active
1238,Employee_1238,Finance,74057,Inactive
1239,Employee_1239,Support,51632,Inactive
1240,Employee_1240,IT,111560,Active
1241,Employee_1241,Finance,107580,Active
1242,Employee_1242,HR,114246,Inactive
1243,Employee_1243,IT,143619,Inactive
1244,Employee_1244,IT,36590,Inactive
1245,Employee_1245,Finance,72906,Active
1246,Employee_1246,Finance,72840,Inactive
1247,Employee_1247,Operations,145296,Inactive
1248,Employee_1248,Sales,128567,Inactive
1249,Employee_1249,Sales,139433,Active
1250,Employee_1250,Finance,32540,Active
1251,Employee_1251,Sales,59389,Active
1252,Employee_1252,Operations,115426,Active
1253,Employee_1253,Operations,34067,Active
1254,Employee_1254,IT,139999,Active
1255,Employee_1255,Marketing,49973,Active
1256,Employee_1256,IT,92070,Active
1257,Employee_1257,Marketing,58569,Inactive
1258,Employee_1258,Support,63586,Inactive
1259,Employee_1259,IT,109415,Active
1260,Employee_1260,Operations,137387,Active
1261,Employee_1261,Sales,44168,Active
1262,Employee_1262,Sales,105470,Inactive
1263,Employee_1263,Finance,123718,Active
1264,Employee_1264,HR,107607,Active
1265,Employee_1265,HR,121382,Inactive
1266,Employee_1266,Operations,119687,Active
1267,Employee_1267,Operations,104177,Active
1268,Employee_1268,Sales,99827,Inactive
1269,Employee_1269,Support,78571,Active
1270,Employee_1270,Marketing,114874,Inactive
1271,Employee_1271,HR,141355,Inactive
1272,Employee_1272,Operations,94251,Active
1273,Employee_1273,Finance,77472,Inactive
1274,Employee_1274,Support,50052,Inactive
1275,Employee_1275,IT,126180,Inactive
1276,Employee_1276,Marketing,135932,Inactive
1277,Employee_1277,Finance,87091,Inactive
1278,Employee_1278,Sales,141635,Active
1279,Employee_1279,Operations,41359,Inactive
1280,Employee_1280,Finance,61963,Inactive
1281,Employee_1281,Marketing,109997,Inactive
1282,Employee_1282,Sales,33761,Inactive
1283,Employee_1283,Operations,72600,Active
1284,Employee_1284,Finance,57802,Inactive
1285,Employee_1285,Operations,63862,Inactive
1286,Employee_1286,Sales,145385,Inactive
1287,Employee_1287,Marketing,31330,Active
1288,Employee_1288,HR,61635,Inactive
1289,Employee_1289,Finance,102768,Active
1290,Employee_1290,Support,92402,Inactive
1291,Employee_1291,Finance,133931,Active
1292,Employee_1292,HR,68566,Active
1293,Employee_1293,Finance,120673,Active
1294,Employee_1294,Sales,117026,Inactive
1295,Employee_1295,Finance,102544,Inactive
1296,Employee_1296,Finance,127771,Inactive
1297,Employee_1297,Sales,122124,Inactive
1298,Employee_1298,Sales,70189,Inactive
1299,Employee_1299,IT,45814,Active
1300,Employee_1300,Sales,45670,Active
1301,Employee_1301,IT,58361,Inactive
1302,Employee_1302,Sales,124972,Inactive
1303,Employee_1303,HR,139134,Active
1304,Employee_1304,Sales,59816,Inactive
1305,Employee_1305,IT,69618,Active
1306,Employee_1306,Support,100010,Active
1307,Employee_1307,Sales,35965,Active
1308,Employee_1308,Marketing,68290,Active
1309,Employee_1309,Support,143830,Inactive
1310,Employee_1310,HR,144389,Active
1311,Employee_1311,Marketing,67268,Inactive
1312,Employee_1312,Finance,87733,Inactive
1313,Employee_1313,IT,36734,Inactive
1314,Employee_1314,Operations,92616,Active
1315,Employee_1315,Operations,38564,Inactive
1316,Employee_1316,Finance,39710,Active
1317,Employee_1317,IT,49555,Inactive
1318,Employee_1318,HR,62530,Active
1319,Employee_1319,Marketing,130197,Inactive
1320,Employee_1320,Marketing,108135,Active
1321,Employee_1321,Operations,98494,Inactive
1322,Employee_1322,Finance,149079,Inactive
1323,Employee_1323,Sales,142743,Inactive
1324,Employee_1324,Sales,104531,Active
1325,Employee_1325,Marketing,127004,Active
1326,Employee_1326,Operations,57235,Active
1327,Employee_1327,Sales,116563,Active
1328,Employee_1328,IT,61439,Active
1329,Employee_1329,Marketing,39838,Active
1330,Employee_1330,HR,83545,Inactive
1331,Employee_1331,Support,107832,Inactive
1332,Employee_1332,Sales,34278,Active
1333,Employee_1333,Sales,122662,Inactive
1334,Employee_1334,Support,142670,Inactive
1335,Employee_1335,HR,120096,Active
1336,Employee_1336,Sales,133262,Active
1337,Employee_1337,Finance,45043,Active
1338,Employee_1338,Support,49528,Inactive
1339,Employee_1339,Operations,48643,Active
1340,Employee_1340,HR,51747,Inactive
1341,Employee_1341,Marketing,128167,Inactive
1342,Employee_1342,Finance,46299,Inactive
1343,Employee_1343,Support,69857,Inactive
1344,Employee_1344,Sales,95597,Inactive
1345,Employee_1345,Finance,40543,Active
1346,Employee_1346,Finance,126276,Inactive
1347,Employee_1347,Marketing,62816,Active
1348,Employee_1348,HR,60005,Active
1349,Employee_1349,Operations,118117,Inactive
1350,Employee_1350,Marketing,35273,Active
1351,Employee_1351,Finance,98021,Inactive
1352,Employee_1352,Sales,53788,Inactive
1353,Employee_1353,Support,136724,Inactive
1354,Employee_1354,HR,91605,Inactive
1355,Employee_1355,Finance,73687,Inactive
1356,Employee_1356,Support,43710,Active
1357,Employee_1357,Sales,83955,Inactive
1358,Employee_1358,Sales,116846,Inactive
1359,Employee_1359,Operations,129680,Active
1360,Employee_1360,Finance,41542,Inactive
1361,Employee_1361,Sales,72372,Active
1362,Employee_1362,Operations,82976,Active
1363,Employee_1363,Support,143949,Inactive
1364,Employee_1364,Finance,37104,Active
1365,Employee_1365,Marketing,77419,Inactive
1366,Employee_1366,Support,87939,Active
1367,Employee_1367,IT,65003,Active
1368,Employee_1368,Sales,87424,Inactive
1369,Employee_1369,HR,33783,Active
1370,Employee_1370,Support,50758,Inactive
1371,Employee_1371,Marketing,31792,Inactive
1372,Employee_1372,HR,59451,Active
1373,Employee_1373,Finance,45396,Active
1374,Employee_1374,Finance,123926,Inactive
1375,Employee_1375,Marketing,122459,Inactive
1376,Employee_1376,Finance,139408,Inactive
1377,Employee_1377,Finance,61946,Inactive
1378,Employee_1378,Marketing,48958,Inactive
1379,Employee_1379,IT,108561,Active
1380,Employee_1380,Operations,39150,Inactive
1381,Employee_1381,Operations,133547,Inactive
1382,Employee_1382,Sales,133247,Inactive
1383,Employee_1383,Operations,30336,Inactive
1384,Employee_1384,Support,69132,Inactive
1385,Employee_1385,Operations,49476,Inactive
1386,Employee_1386,Marketing,93483,Inactive
1387,Employee_1387,Sales,102340,Inactive
1388,Employee_1388,Finance,72176,Active
1389,Employee_1389,Support,61300,Inactive
1390,Employee_1390,IT,142199,Inactive
1391,Employee_1391,HR,71704,Inactive
1392,Employee_1392,Support,149725,Inactive
1393,Employee_1393,Finance,116991,Active
1394,Employee_1394,Finance,34852,Active
1395,Employee_1395,Marketing,107356,Inactive
1396,Employee_1396,Operations,43154,Inactive
1397,Employee_1397,HR,98937,Inactive
1398,Employee_1398,HR,124692,Active
1399,Employee_1399,Finance,144154,Active
1400,Employee_1400,HR,91537,Inactive
1401,Employee_1401,Sales,111691,Inactive
1402,Employee_1402,Support,40527,Inactive
1403,Employee_1403,Operations,118389,Inactive
1404,Employee_1404,Sales,112155,Inactive
1405,Employee_1405,Operations,100912,Active
1406,Employee_1406,Marketing,38968,Active
1407,Employee_1407,Support,119705,Inactive
1408,Employee_1408,IT,127880,Active
1409,Employee_1409,Finance,42903,Active
1410,Employee_1410,Finance,51805,Inactive
1411,Employee_1411,HR,36028,Inactive
1412,Employee_1412,Operations,37355,Inactive
1413,Employee_1413,Sales,79131,Inactive
1414,Employee_1414,IT,62007,Inactive
1415,Employee_1415,Marketing,119364,Active
1416,Employee_1416,IT,52946,Active
1417,Employee_1417,Marketing,144142,Inactive
1418,Employee_1418,Marketing,119539,Active
1419,Employee_1419,Finance,149646,Active
1420,Employee_1420,IT,90443,Inactive
1421,Employee_1421,Finance,63466,Active
1422,Employee_1422,Operations,90981,Inactive
1423,Employee_1423,Support,101643,Active
1424,Employee_1424,HR,87898,Inactive
1425,Employee_1425,Marketing,69210,Inactive
1426,Employee_1426,Support,62780,Inactive
1427,Employee_1427,Operations,69599,Active
1428,Employee_1428,Finance,141848,Inactive
1429,Employee_1429,HR,61091,Inactive
1430,Employee_1430,Marketing,77049,Inactive
1431,Employee_1431,Support,68696,Active
1432,Employee_1432,Operations,116275,Inactive
1433,Employee_1433,Sales,31061,Active
1434,Employee_1434,Marketing,127671,Inactive
1435,Employee_1435,Operations,148509,Inactive
1436,Employee_1436,Operations,134708,Active
1437,Employee_1437,Marketing,135110,Inactive
1438,Employee_1438,IT,113442,Active
1439,Employee_1439,Marketing,62850,Active
1440,Employee_1440,Support,42735,Active
1441,Employee_1441,Sales,133364,Inactive
1442,Employee_1442,HR,105965,Inactive
1443,Employee_1443,Support,47224,Active
1444,Employee_1444,Sales,72823,Inactive
1445,Employee_1445,IT,56318,Active
1446,Employee_1446,Operations,100701,Inactive
1447,Employee_1447,Marketing,95771,Inactive
1448,Employee_1448,Operations,51567,Inactive
1449,Employee_1449,Operations,93156,Inactive
1450,Employee_1450,Support,144084,Inactive
1451,Employee_1451,Operations,45095,Inactive
1452,Employee_1452,HR,48449,Active
1453,Employee_1453,Operations,118647,Inactive
1454,Employee_1454,Operations,135458,Inactive
1455,Employee_1455,HR,133636,Inactive
1456,Employee_1456,HR,64663,Active
1457,Employee_1457,Finance,78311,Inactive
1458,Employee_1458,Marketing,79941,Inactive
1459,Employee_1459,HR,118452,Active
1460,Employee_1460,Finance,33280,Inactive
1461,Employee_1461,Marketing,59015,Active
1462,Employee_1462,Support,137984,Inactive
1463,Employee_1463,Support,69608,Inactive
1464,Employee_1464,HR,48320,Active
1465,Employee_1465,HR,69893,Inactive
1466,Employee_1466,HR,42739,Active
1467,Employee_1467,Marketing,47781,Inactive
1468,Employee_1468,Finance,78629,Inactive
1469,Employee_1469,Marketing,127290,Active
1470,Employee_1470,Finance,115841,Active
1471,Employee_1471,Operations,94139,Inactive
1472,Employee_1472,Sales,34288,Inactive
1473,Employee_1473,IT,88115,Inactive
1474,Employee_1474,IT,142125,Inactive
1475,Employee_1475,HR,119873,Inactive
1476,Employee_1476,Marketing,148187,Inactive
1477,Employee_1477,HR,82184,Inactive
1478,Employee_1478,IT,46011,Inactive
1479,Employee_1479,HR,116870,Active
1480,Employee_1480,Support,113819,Active
1481,Employee_1481,HR,133126,Inactive
1482,Employee_1482,IT,46505,Active
1483,Employee_1483,HR,138765,Active
1484,Employee_1484,Marketing,58305,Active
1485,Employee_1485,Sales,131498,Active
1486,Employee_1486,Operations,148034,Active
1487,Employee_1487,Sales,142513,Active
1488,Employee_1488,IT,100807,Inactive
1489,Employee_1489,Operations,52871,Active
1490,Employee_1490,Support,143567,Active
1491,Employee_1491,IT,31947,Inactive
1492,Employee_1492,Operations,133341,Active
1493,Employee_1493,Marketing,72437,Active
1494,Employee_1494,IT,64782,Active
1495,Employee_1495,IT,127218,Inactive
1496,Employee_1496,Marketing,44896,Active
1497,Employee_1497,Finance,88756,Inactive
1498,Employee_1498,Marketing,107812,Active
1499,Employee_1499,Finance,96039,Active
1500,Employee_1500,Marketing,35683,Inactive
1501,Employee_1501,Finance,114323,Active
1502,Employee_1502,HR,92781,Inactive
1503,Employee_1503,Finance,119928,Active
1504,Employee_1504,Finance,123375,Inactive
1505,Employee_1505,HR,147868,Active
1506,Employee_1506,Sales,109730,Active
1507,Employee_1507,HR,46540,Inactive
1508,Employee_1508,Marketing,112978,Inactive
1509,Employee_1509,Finance,108301,Inactive
1510,Employee_1510,Finance,96263,Inactive
1511,Employee_1511,HR,133952,Active
1512,Employee_1512,Operations,115814,Active
1513,Employee_1513,Finance,89186,Active
1514,Employee_1514,Finance,74424,Inactive
1515,Employee_1515,Finance,84524,Active
1516,Employee_1516,Sales,85936,Inactive
1517,Employee_1517,Support,63408,Inactive
1518,Employee_1518,IT,120023,Inactive
1519,Employee_1519,HR,41957,Active
1520,Employee_1520,HR,86606,Active
1521,Employee_1521,Support,126835,Inactive
1522,Employee_1522,Operations,47054,Active
1523,Employee_1523,Marketing,103608,Inactive
1524,Employee_1524,Support,46021,Inactive
1525,Employee_1525,Sales,144505,Inactive
1526,Employee_1526,Operations,124510,Active
1527,Employee_1527,Sales,108696,Inactive
1528,Employee_1528,Sales,43579,Active
1529,Employee_1529,IT,116079,Inactive
1530,Employee_1530,IT,141054,Active
1531,Employee_1531,Sales,140804,Inactive
1532,Employee_1532,HR,129956,Inactive
1533,Employee_1533,Marketing,59643,Inactive
1534,Employee_1534,Operations,103526,Active
1535,Employee_1535,Marketing,116223,Inactive
1536,Employee_1536,HR,53647,Inactive
1537,Employee_1537,Support,129930,Inactive
1538,Employee_1538,Sales,76009,Active
1539,Employee_1539,IT,144014,Active
1540,Employee_1540,Marketing,116159,Inactive
1541,Employee_1541,HR,48595,Active
1542,Employee_1542,HR,127794,Active
1543,Employee_1543,Finance,85028,Inactive
1544,Employee_1544,Sales,50631,Inactive
1545,Employee_1545,Sales,124581,Inactive
1546,Employee_1546,Operations,104395,Active
1547,Employee_1547,HR,50392,Active
1548,Employee_1548,Operations,110981,Active
1549,Employee_1549,Support,40693,Inactive
1550,Employee_1550,Finance,116761,Inactive
1551,Employee_1551,Finance,109570,Inactive
1552,Employee_1552,Finance,65804,Active
1553,Employee_1553,Operations,97154,Active
1554,Employee_1554,Sales,86349,Active
1555,Employee_1555,Sales,118895,Inactive
1556,Employee_1556,Marketing,117442,Inactive
1557,Employee_1557,HR,58903,Inactive
1558,Employee_1558,Marketing,37180,Active
1559,Employee_1559,IT,69507,Active
1560,Employee_1560,Operations,47987,Inactive
1561,Employee_1561,Sales,73007,Active
1562,Employee_1562,HR,95193,Inactive
1563,Employee_1563,IT,46932,Inactive
1564,Employee_1564,Marketing,122231,Active
1565,Employee_1565,Marketing,103233,Inactive
1566,Employee_1566,HR,82044,Active
1567,Employee_1567,Finance,32456,Inactive
1568,Employee_1568,HR,142998,Inactive
1569,Employee_1569,Marketing,86267,Inactive
1570,Employee_1570,Support,113904,Inactive
1571,Employee_1571,Sales,45096,Inactive
1572,Employee_1572,HR,72568,Active
1573,Employee_1573,Operations,111018,Inactive
1574,Employee_1574,Operations,120388,Inactive
1575,Employee_1575,HR,87240,Active
1576,Employee_1576,IT,87104,Inactive
1577,Employee_1577,Marketing,40308,Inactive
1578,Employee_1578,Operations,70668,Inactive
1579,Employee_1579,IT,73655,Active
1580,Employee_1580,HR,96910,Active
1581,Employee_1581,Marketing,96840,Active
1582,Employee_1582,Operations,75793,Inactive
1583,Employee_1583,Support,137341,Active
1584,Employee_1584,IT,43474,Active
1585,Employee_1585,Sales,55856,Active
1586,Employee_1586,Marketing,50036,Active
1587,Employee_1587,IT,131298,Inactive
1588,Employee_1588,Finance,128886,Inactive
1589,Employee_1589,Support,145611,Inactive
1590,Employee_1590,Operations,112210,Inactive
1591,Employee_1591,IT,87640,Active
1592,Employee_1592,Finance,87961,Inactive
1593,Employee_1593,Operations,66002,Active
1594,Employee_1594,Sales,96497,Active
1595,Employee_1595,Sales,90521,Inactive
1596,Employee_1596,HR,37456,Inactive
1597,Employee_1597,Operations,67627,Active
1598,Employee_1598,Support,143278,Active
1599,Employee_1599,Marketing,107867,Inactive
1600,Employee_1600,Finance,106064,Active
1601,Employee_1601,Finance,149150,Active
1602,Employee_1602,Sales,109299,Inactive
1603,Employee_1603,Marketing,49773,Active
1604,Employee_1604,Finance,43566,Inactive
1605,Employee_1605,Support,41053,Active
1606,Employee_1606,HR,62472,Inactive
1607,Employee_1607,Finance,98690,Active
1608,Employee_1608,Sales,78870,Inactive
1609,Employee_1609,Finance,83578,Inactive
1610,Employee_1610,Support,108366,Active
1611,Employee_1611,Operations,112691,Inactive
1612,Employee_1612,HR,73213,Active
1613,Employee_1613,Marketing,118916,Inactive
1614,Employee_1614,Sales,63029,Active
1615,Employee_1615,Sales,40682,Active
1616,Employee_1616,Sales,70662,Inactive
1617,Employee_1617,IT,107993,Active
1618,Employee_1618,Sales,103259,Inactive
1619,Employee_1619,Support,133764,Inactive
1620,Employee_1620,Operations,46750,Active
1621,Employee_1621,Support,117878,Inactive
1622,Employee_1622,Marketing,77425,Active
1623,Employee_1623,Sales,70483,Active
1624,Employee_1624,IT,74791,Inactive
1625,Employee_1625,IT,59693,Active
1626,Employee_1626,IT,40114,Inactive
1627,Employee_1627,Operations,133300,Active
1628,Employee_1628,Marketing,131040,Active
1629,Employee_1629,Support,74140,Active
1630,Employee_1630,Marketing,79377,Active
1631,Employee_1631,IT,53703,Active
1632,Employee_1632,Support,87366,Active
1633,Employee_1633,Finance,77749,Active
1634,Employee_1634,Finance,110031,Inactive
1635,Employee_1635,Operations,128112,Inactive
1636,Employee_1636,IT,99993,Active
1637,Employee_1637,Sales,135987,Inactive
1638,Employee_1638,Operations,55430,Inactive
1639,Employee_1639,Support,104766,Inactive
1640,Employee_1640,Finance,130851,Inactive
1641,Employee_1641,Operations,80052,Inactive
1642,Employee_1642,IT,137071,Active
1643,Employee_1643,Operations,109254,Active
1644,Employee_1644,Operations,62768,Active
1645,Employee_1645,Support,92991,Inactive
1646,Employee_1646,Marketing,43446,Active
1647,Employee_1647,Sales,40993,Active
1648,Employee_1648,Sales,88893,Active
1649,Employee_1649,Operations,87340,Active
1650,Employee_1650,IT,137046,Inactive
1651,Employee_1651,Sales,33495,Inactive
1652,Employee_1652,HR,81964,Inactive
1653,Employee_1653,IT,80615,Active
1654,Employee_1654,Sales,59430,Active
1655,Employee_1655,Sales,42987,Inactive
1656,Employee_1656,Operations,49142,Active
1657,Employee_1657,HR,67601,Inactive
1658,Employee_1658,Support,138935,Active
1659,Employee_1659,Operations,122476,Inactive
1660,Employee_1660,Finance,110654,Active
1661,Employee_1661,HR,32490,Inactive
1662,Employee_1662,IT,139440,Active
1663,Employee_1663,Marketing,125320,Inactive
1664,Employee_1664,HR,131734,Inactive
1665,Employee_1665,IT,69472,Active
1666,Employee_1666,HR,61252,Inactive
1667,Employee_1667,Support,134057,Inactive
1668,Employee_1668,HR,44530,Inactive
1669,Employee_1669,Marketing,100261,Active
1670,Employee_1670,Support,97551,Active
1671,Employee_1671,Support,48818,Inactive
1672,Employee_1672,Finance,30205,Inactive
1673,Employee_1673,IT,104798,Inactive
1674,Employee_1674,IT,117080,Active
1675,Employee_1675,Marketing,77265,Active
1676,Employee_1676,Marketing,101313,Active
1677,Employee_1677,Finance,144469,Inactive
1678,Employee_1678,HR,113318,Inactive
1679,Employee_1679,Sales,63246,Active
1680,Employee_1680,Sales,133352,Active
1681,Employee_1681,Sales,61604,Active
1682,Employee_1682,Operations,106271,Inactive
1683,Employee_1683,IT,35811,Inactive
1684,Employee_1684,Marketing,74374,Active
1685,Employee_1685,Operations,132123,Inactive
1686,Employee_1686,Support,92722,Active
1687,Employee_1687,Operations,47675,Active
1688,Employee_1688,Support,131736,Inactive
1689,Employee_1689,HR,68462,Active
1690,Employee_1690,HR,133692,Active
1691,Employee_1691,HR,71365,Inactive
1692,Employee_1692,Marketing,82196,Inactive
1693,Employee_1693,Sales,34799,Active
1694,Employee_1694,Sales,76789,Active
1695,Employee_1695,Operations,115948,Inactive
1696,Employee_1696,Sales,46315,Inactive
1697,Employee_1697,Finance,146586,Inactive
1698,Employee_1698,Support,87637,Inactive
1699,Employee_1699,Sales,54486,Inactive
1700,Employee_1700,Support,95211,Inactive
1701,Employee_1701,Operations,98062,Inactive
1702,Employee_1702,Operations,40828,Inactive
1703,Employee_1703,HR,86440,Active
1704,Employee_1704,Marketing,68504,Inactive
1705,Employee_1705,HR,40494,Inactive
1706,Employee_1706,Support,68750,Inactive
1707,Employee_1707,Finance,108986,Inactive
1708,Employee_1708,IT,120408,Inactive
1709,Employee_1709,Sales,88606,Active
1710,Employee_1710,Support,144037,Inactive
1711,Employee_1711,Marketing,87008,Inactive
1712,Employee_1712,Support,133740,Active
1713,Employee_1713,HR,117973,Inactive
1714,Employee_1714,Sales,97251,Active
1715,Employee_1715,HR,48714,Inactive
1716,Employee_1716,HR,46545,Active
1717,Employee_1717,IT,132041,Inactive
1718,Employee_1718,Sales,80181,Active
1719,Employee_1719,Marketing,50111,Inactive
1720,Employee_1720,Sales,78760,Inactive
1721,Employee_1721,Operations,40077,Active
1722,Employee_1722,Marketing,78096,Inactive
1723,Employee_1723,Sales,115139,Inactive
1724,Employee_1724,IT,44869,Active
1725,Employee_1725,Support,54385,Inactive
1726,Employee_1726,Marketing,80723,Active
1727,Employee_1727,Sales,131576,Inactive
1728,Employee_1728,Support,88493,Active
1729,Employee_1729,Marketing,67431,Inactive
1730,Employee_1730,IT,46074,Active
1731,Employee_1731,Operations,39706,Inactive
1732,Employee_1732,IT,147791,Inactive
1733,Employee_1733,HR,136235,Inactive
1734,Employee_1734,Support,75537,Active
1735,Employee_1735,Marketing,101063,Inactive
1736,Employee_1736,Sales,141589,Active
1737,Employee_1737,Support,123003,Active
1738,Employee_1738,Operations,77381,Active
1739,Employee_1739,HR,56342,Active
1740,Employee_1740,IT,133595,Inactive
1741,Employee_1741,HR,77303,Inactive
1742,Employee_1742,Finance,135337,Active
1743,Employee_1743,Marketing,145899,Active
1744,Employee_1744,HR,70539,Inactive
1745,Employee_1745,Support,124223,Inactive
1746,Employee_1746,Marketing,83843,Inactive
1747,Employee_1747,Operations,105353,Active
1748,Employee_1748,IT,71553,Active
1749,Employee_1749,Finance,91057,Inactive
1750,Employee_1750,IT,145075,Active
1751,Employee_1751,Operations,46912,Inactive
1752,Employee_1752,Marketing,149368,Active
1753,Employee_1753,Operations,46274,Active
1754,Employee_1754,Sales,51581,Active
1755,Employee_1755,Sales,122973,Active
1756,Employee_1756,Sales,98012,Inactive
1757,Employee_1757,Operations,40336,Inactive
1758,Employee_1758,IT,113238,Inactive
1759,Employee_1759,IT,111922,Inactive
1760,Employee_1760,Marketing,99924,Active
1761,Employee_1761,Marketing,114015,Active
1762,Employee_1762,Marketing,106106,Active
1763,Employee_1763,IT,116341,Inactive
1764,Employee_1764,Operations,103874,Active
1765,Employee_1765,Operations,143217,Active
1766,Employee_1766,HR,35958,Inactive
1767,Employee_1767,Support,57631,Inactive
1768,Employee_1768,Marketing,113753,Active
1769,Employee_1769,Finance,146522,Inactive
1770,Employee_1770,Support,69596,Inactive
1771,Employee_1771,IT,135472,Inactive
1772,Employee_1772,Sales,89446,Active
1773,Employee_1773,Support,37852,Active
1774,Employee_1774,Finance,84476,Inactive
1775,Employee_1775,Finance,56741,Inactive
1776,Employee_1776,Marketing,48830,Inactive
1777,Employee_1777,Operations,124157,Inactive
1778,Employee_1778,Support,142823,Inactive
1779,Employee_1779,Finance,47139,Inactive
1780,Employee_1780,Marketing,103616,Active
1781,Employee_1781,Sales,61685,Inactive
1782,Employee_1782,HR,65058,Inactive
1783,Employee_1783,IT,48465,Active
1784,Employee_1784,HR,68038,Inactive
1785,Employee_1785,Operations,110658,Inactive
1786,Employee_1786,IT,143417,Active
1787,Employee_1787,Operations,72917,Inactive
1788,Employee_1788,IT,130023,Active
1789,Employee_1789,Finance,97466,Inactive
1790,Employee_1790,Finance,145222,Inactive
1791,Employee_1791,Finance,33037,Active
1792,Employee_1792,Finance,96249,Inactive
1793,Employee_1793,IT,58199,Inactive
1794,Employee_1794,HR,36624,Inactive
1795,Employee_1795,Finance,108317,Inactive
1796,Employee_1796,Sales,100345,Active
1797,Employee_1797,Operations,44089,Inactive
1798,Employee_1798,IT,145665,Inactive
1799,Employee_1799,Support,77943,Inactive
1800,Employee_1800,Sales,35930,Inactive
1801,Employee_1801,HR,104747,Active
1802,Employee_1802,Sales,102512,Inactive
1803,Employee_1803,HR,80639,Inactive
1804,Employee_1804,Operations,102070,Inactive
1805,Employee_1805,Operations,111689,Active
1806,Employee_1806,IT,42672,Inactive
1807,Employee_1807,Sales,134188,Inactive
1808,Employee_1808,Marketing,77920,Active
1809,Employee_1809,IT,108966,Inactive
1810,Employee_1810,Marketing,35276,Active
1811,Employee_1811,HR,47961,Inactive
1812,Employee_1812,Operations,92094,Inactive
1813,Employee_1813,IT,109463,Active
1814,Employee_1814,Sales,110356,Inactive
1815,Employee_1815,IT,81505,Inactive
1816,Employee_1816,Marketing,74089,Inactive
1817,Employee_1817,Support,103783,Inactive
1818,Employee_1818,Finance,136921,Active
1819,Employee_1819,Sales,73416,Active
1820,Employee_1820,Finance,106507,Inactive
1821,Employee_1821,Operations,147803,Active
1822,Employee_1822,Marketing,92205,Inactive
1823,Employee_1823,Support,132616,Active
1824,Employee_1824,Support,36731,Inactive
1825,Employee_1825,IT,98712,Inactive
1826,Employee_1826,IT,137696,Active
1827,Employee_1827,HR,105047,Active
1828,Employee_1828,IT,32482,Inactive
1829,Employee_1829,Sales,84890,Active
1830,Employee_1830,Finance,120505,Active
1831,Employee_1831,Finance,95774,Inactive
1832,Employee_1832,Operations,141198,Active
1833,Employee_1833,Support,48098,Active
1834,Employee_1834,Marketing,72604,Inactive
1835,Employee_1835,Marketing,79391,Inactive
1836,Employee_1836,IT,90249,Inactive
1837,Employee_1837,Marketing,76437,Inactive
1838,Employee_1838,Marketing,93462,Active
1839,Employee_1839,IT,66569,Inactive
1840,Employee_1840,IT,69008,Inactive
1841,Employee_1841,Support,57168,Inactive
1842,Employee_1842,Sales,92888,Inactive
1843,Employee_1843,Marketing,134255,Inactive
1844,Employee_1844,Sales,45974,Inactive
1845,Employee_1845,Finance,137266,Inactive
1846,Employee_1846,Operations,135462,Active
1847,Employee_1847,Sales,35513,Inactive
1848,Employee_1848,Support,40358,Inactive
1849,Employee_1849,Finance,115979,Inactive
1850,Employee_1850,Support,92793,Active
1851,Employee_1851,IT,138521,Inactive
1852,Employee_1852,Marketing,121248,Inactive
1853,Employee_1853,IT,44316,Active
1854,Employee_1854,IT,36653,Active
1855,Employee_1855,Support,60518,Active
1856,Employee_1856,HR,84172,Inactive
1857,Employee_1857,Support,91918,Active
1858,Employee_1858,Support,131025,Active
1859,Employee_1859,HR,102135,Active
1860,Employee_1860,Finance,115575,Inactive
1861,Employee_1861,Finance,115267,Active
1862,Employee_1862,Operations,67649,Inactive
1863,Employee_1863,Sales,114659,Active
1864,Employee_1864,Operations,41725,Active
1865,Employee_1865,Marketing,126821,Active
1866,Employee_1866,IT,84773,Active
1867,Employee_1867,HR,139602,Inactive
1868,Employee_1868,Operations,94930,Active
1869,Employee_1869,Support,144332,Inactive
1870,Employee_1870,HR,31214,Inactive
1871,Employee_1871,Marketing,109007,Active
1872,Employee_1872,Sales,67298,Inactive
1873,Employee_1873,Support,101211,Inactive
1874,Employee_1874,IT,141550,Inactive
1875,Employee_1875,Sales,55272,Active
1876,Employee_1876,Sales,51298,Inactive
1877,Employee_1877,Support,63720,Active
1878,Employee_1878,HR,126549,Inactive
1879,Employee_1879,Operations,68669,Active
1880,Employee_1880,IT,110079,Inactive
1881,Employee_1881,Operations,86059,Inactive
1882,Employee_1882,HR,82538,Active
1883,Employee_1883,IT,48430,Inactive
1884,Employee_1884,Sales,62512,Active
1885,Employee_1885,Sales,80275,Active
1886,Employee_1886,Finance,128796,Inactive
1887,Employee_1887,Sales,69576,Active
1888,Employee_1888,Sales,115679,Inactive
1889,Employee_1889,Support,60972,Active
1890,Employee_1890,Support,45495,Inactive
1891,Employee_1891,Sales,50934,Inactive
1892,Employee_1892,Support,95866,Inactive
1893,Employee_1893,Support,45389,Inactive
1894,Employee_1894,Sales,110560,Active
1895,Employee_1895,IT,47507,Inactive
1896,Employee_1896,IT,89634,Inactive
1897,Employee_1897,Finance,122004,Inactive
1898,Employee_1898,Operations,100453,Active
1899,Employee_1899,Operations,62435,Active
1900,Employee_1900,Marketing,88556,Inactive
1901,Employee_1901,HR,103946,Active
1902,Employee_1902,HR,138629,Active
1903,Employee_1903,Marketing,100341,Active
1904,Employee_1904,IT,73007,Inactive
1905,Employee_1905,HR,119167,Active
1906,Employee_1906,Support,106434,Inactive
1907,Employee_1907,HR,147819,Inactive
1908,Employee_1908,Operations,37292,Inactive
1909,Employee_1909,IT,97272,Inactive
1910,Employee_1910,Finance,103912,Active
1911,Employee_1911,Marketing,90604,Inactive
1912,Employee_1912,Support,32853,Inactive
1913,Employee_1913,Sales,137014,Active
1914,Employee_1914,Support,58560,Active
1915,Employee_1915,HR,85534,Inactive
1916,Employee_1916,Support,38357,Active
1917,Employee_1917,HR,91875,Active
1918,Employee_1918,Sales,83591,Active
1919,Employee_1919,Operations,47750,Inactive
1920,Employee_1920,Sales,146828,Inactive
1921,Employee_1921,Finance,143982,Inactive
1922,Employee_1922,Finance,40518,Active
1923,Employee_1923,Support,142759,Inactive
1924,Employee_1924,HR,53392,Inactive
1925,Employee_1925,Marketing,46691,Active
1926,Employee_1926,Operations,30455,Active
1927,Employee_1927,Sales,90686,Inactive
1928,Employee_1928,Marketing,79712,Active
1929,Employee_1929,IT,90375,Inactive
1930,Employee_1930,IT,66129,Active
1931,Employee_1931,Support,130334,Active
1932,Employee_1932,HR,136099,Inactive
1933,Employee_1933,Marketing,130408,Active
1934,Employee_1934,IT,57011,Active
1935,Employee_1935,HR,107849,Active
1936,Employee_1936,Finance,108352,Active
1937,Employee_1937,IT,127064,Active
1938,Employee_1938,Finance,87535,Active
1939,Employee_1939,Marketing,58477,Active
1940,Employee_1940,IT,96046,Inactive
1941,Employee_1941,IT,136926,Inactive
1942,Employee_1942,Marketing,108370,Inactive
1943,Employee_1943,IT,69552,Active
1944,Employee_1944,Support,98321,Active
1945,Employee_1945,Finance,69387,Inactive
1946,Employee_1946,HR,102970,Active
1947,Employee_1947,Support,118965,Inactive
1948,Employee_1948,Marketing,94962,Active
1949,Employee_1949,Sales,114320,Inactive
1950,Employee_1950,Operations,98742,Inactive
1951,Employee_1951,Support,84568,Inactive
1952,Employee_1952,IT,69306,Inactive
1953,Employee_1953,IT,128882,Inactive
1954,Employee_1954,IT,141324,Active
1955,Employee_1955,Sales,142399,Active
1956,Employee_1956,Operations,90689,Active
1957,Employee_1957,Marketing,84090,Inactive
1958,Employee_1958,Marketing,99467,Active
1959,Employee_1959,Finance,61831,Inactive
1960,Employee_1960,IT,73288,Active
1961,Employee_1961,Finance,141035,Inactive
1962,Employee_1962,HR,100206,Active
1963,Employee_1963,HR,65187,Inactive
1964,Employee_1964,Support,109294,Active
1965,Employee_1965,Operations,39539,Active
1966,Employee_1966,Operations,129837,Active
1967,Employee_1967,Finance,57379,Inactive
1968,Employee_1968,Sales,149143,Active
1969,Employee_1969,IT,54906,Active
1970,Employee_1970,Support,128871,Inactive
1971,Employee_1971,IT,121177,Active
1972,Employee_1972,Finance,149947,Active
1973,Employee_1973,Marketing,72154,Inactive
1974,Employee_1974,Finance,91112,Inactive
1975,Employee_1975,Sales,64283,Inactive
1976,Employee_1976,Marketing,145711,Inactive
1977,Employee_1977,Finance,42924,Inactive
1978,Employee_1978,Operations,140065,Inactive
1979,Employee_1979,IT,78589,Inactive
1980,Employee_1980,Finance,35992,Active
1981,Employee_1981,Support,49126,Active
1982,Employee_1982,Sales,102523,Inactive
1983,Employee_1983,Sales,49976,Active
1984,Employee_1984,Sales,60149,Inactive
1985,Employee_1985,Marketing,139230,Active
1986,Employee_1986,Finance,102173,Inactive
1987,Employee_1987,Sales,130055,Inactive
1988,Employee_1988,Support,114108,Inactive
1989,Employee_1989,Finance,52050,Inactive
1990,Employee_1990,IT,48344,Inactive
1991,Employee_1991,IT,146570,Active
1992,Employee_1992,Marketing,34433,Active
1993,Employee_1993,Operations,117584,Active
1994,Employee_1994,Operations,30836,Inactive
1995,Employee_1995,IT,140434,Active
1996,Employee_1996,HR,122690,Active
1997,Employee_1997,HR,58668,Inactive
1998,Employee_1998,Sales,37923,Inactive
1999,Employee_1999,Support,93944,Active
2000,Employee_2000,HR,99758,Inactive
2001,Employee_2001,HR,32192,Inactive
2002,Employee_2002,Marketing,67576,Active
2003,Employee_2003,Marketing,136582,Inactive
2004,Employee_2004,Operations,149245,Active
2005,Employee_2005,HR,42624,Active
2006,Employee_2006,IT,55156,Inactive
2007,Employee_2007,Operations,76457,Inactive
2008,Employee_2008,Operations,82022,Active
2009,Employee_2009,Sales,83218,Inactive
2010,Employee_2010,Marketing,61877,Active
2011,Employee_2011,Sales,119658,Active
2012,Employee_2012,Support,142488,Active
2013,Employee_2013,HR,83120,Inactive
2014,Employee_2014,Finance,102443,Inactive
2015,Employee_2015,HR,113459,Active
2016,Employee_2016,Support,52463,Active
2017,Employee_2017,Finance,140799,Inactive
2018,Employee_2018,Support,132809,Inactive
2019,Employee_2019,Marketing,142454,Active
2020,Employee_2020,Marketing,35577,Active
2021,Employee_2021,IT,148131,Inactive
2022,Employee_2022,Sales,36102,Active
2023,Employee_2023,Support,66749,Active
2024,Employee_2024,IT,141467,Inactive
2025,Employee_2025,HR,57152,Active
2026,Employee_2026,Operations,137569,Inactive
2027,Employee_2027,HR,69226,Active
2028,Employee_2028,Marketing,61519,Inactive
2029,Employee_2029,Support,147509,Inactive
2030,Employee_2030,Finance,129039,Active
2031,Employee_2031,Operations,120349,Active
2032,Employee_2032,Marketing,127708,Inactive
2033,Employee_2033,HR,42803,Inactive
2034,Employee_2034,IT,139926,Active
2035,Employee_2035,Sales,109320,Inactive
2036,Employee_2036,Operations,72778,Active
2037,Employee_2037,Support,65825,Inactive
2038,Employee_2038,Finance,59902,Inactive
2039,Employee_2039,Marketing,79207,Inactive
2040,Employee_2040,IT,119088,Inactive
2041,Employee_2041,HR,131209,Inactive
2042,Employee_2042,Operations,62302,Active
2043,Employee_2043,HR,65123,Active
2044,Employee_2044,Finance,123280,Active
2045,Employee_2045,Support,81068,Inactive
2046,Employee_2046,Sales,43965,Active
2047,Employee_2047,HR,70405,Inactive
2048,Employee_2048,Sales,129791,Inactive
2049,Employee_2049,HR,47367,Active
2050,Employee_2050,IT,86489,Inactive
2051,Employee_2051,Marketing,102710,Inactive
2052,Employee_2052,HR,33442,Active
2053,Employee_2053,Sales,102642,Active
2054,Employee_2054,Marketing,108386,Inactive
2055,Employee_2055,Operations,80493,Active
2056,Employee_2056,Sales,84238,Inactive
2057,Employee_2057,Operations,41101,Active
2058,Employee_2058,Marketing,98302,Active
2059,Employee_2059,Support,79903,Active
2060,Employee_2060,IT,65247,Inactive
2061,Employee_2061,Sales,94634,Active
2062,Employee_2062,HR,51916,Inactive
2063,Employee_2063,Sales,85194,Inactive
2064,Employee_2064,Finance,132585,Active
2065,Employee_2065,Sales,62990,Active
2066,Employee_2066,Support,111924,Inactive
2067,Employee_2067,Marketing,110828,Active
2068,Employee_2068,Finance,44021,Active
2069,Employee_2069,Sales,30887,Inactive
2070,Employee_2070,Sales,140311,Inactive
2071,Employee_2071,Operations,143010,Inactive
2072,Employee_2072,Finance,73874,Inactive
2073,Employee_2073,Operations,137942,Active
2074,Employee_2074,Sales,72030,Active
2075,Employee_2075,Finance,71180,Active
2076,Employee_2076,Finance,71830,Inactive
2077,Employee_2077,Support,121089,Inactive
2078,Employee_2078,Marketing,132494,Active
2079,Employee_2079,Sales,79290,Inactive
2080,Employee_2080,Operations,133005,Inactive
2081,Employee_2081,Sales,44927,Active
2082,Employee_2082,Marketing,101516,Active
2083,Employee_2083,Support,130613,Active
2084,Employee_2084,Support,90505,Active
2085,Employee_2085,Finance,134554,Inactive
2086,Employee_2086,Operations,120811,Active
2087,Employee_2087,Operations,141121,Inactive
2088,Employee_2088,Support,95444,Active
2089,Employee_2089,Support,69692,Active
2090,Employee_2090,Sales,116332,Active
2091,Employee_2091,Support,85460,Inactive
2092,Employee_2092,HR,88860,Inactive
2093,Employee_2093,Marketing,82534,Inactive
2094,Employee_2094,Marketing,34818,Inactive
2095,Employee_2095,Support,147375,Active
2096,Employee_2096,HR,130788,Active
2097,Employee_2097,Support,117122,Inactive
2098,Employee_2098,IT,114803,Active
2099,Employee_2099,Marketing,114545,Inactive
2100,Employee_2100,Operations,73463,Inactive
2101,Employee_2101,HR,31382,Active
2102,Employee_2102,Sales,59098,Active
2103,Employee_2103,Finance,79036,Inactive
2104,Employee_2104,Finance,131232,Active
2105,Employee_2105,Sales,33219,Inactive
2106,Employee_2106,HR,68722,Inactive
2107,Employee_2107,HR,45213,Active
2108,Employee_2108,Sales,70880,Inactive
2109,Employee_2109,Finance,132795,Active
2110,Employee_2110,Marketing,93298,Inactive
2111,Employee_2111,Finance,42795,Inactive
2112,Employee_2112,Support,121326,Inactive
2113,Employee_2113,Sales,38804,Inactive
2114,Employee_2114,HR,136192,Active
2115,Employee_2115,HR,141303,Inactive
2116,Employee_2116,Support,44334,Active
2117,Employee_2117,Support,61970,Active
2118,Employee_2118,Marketing,50989,Inactive
2119,Employee_2119,Marketing,85885,Inactive
2120,Employee_2120,IT,134563,Inactive
2121,Employee_2121,Support,54176,Active
2122,Employee_2122,Support,116154,Inactive
2123,Employee_2123,Finance,33826,Active
2124,Employee_2124,Finance,107621,Inactive
2125,Employee_2125,Finance,30583,Active
2126,Employee_2126,IT,66483,Active
2127,Employee_2127,Marketing,43336,Active
2128,Employee_2128,Sales,72727,Active
2129,Employee_2129,Finance,44936,Inactive
2130,Employee_2130,Support,143067,Inactive
2131,Employee_2131,Marketing,113769,Inactive
2132,Employee_2132,Marketing,80939,Inactive
2133,Employee_2133,Marketing,44972,Inactive
2134,Employee_2134,Sales,140823,Inactive
2135,Employee_2135,Marketing,52613,Inactive
2136,Employee_2136,Marketing,107354,Active
2137,Employee_2137,Support,47556,Inactive
2138,Employee_2138,HR,61270,Inactive
2139,Employee_2139,HR,53992,Inactive
2140,Employee_2140,Support,48528,Inactive
2141,Employee_2141,Finance,108174,Active
2142,Employee_2142,Marketing,80293,Inactive
2143,Employee_2143,IT,93788,Active
2144,Employee_2144,Marketing,51871,Inactive
2145,Employee_2145,Sales,48388,Active
2146,Employee_2146,Sales,140360,Inactive
2147,Employee_2147,Marketing,37026,Inactive
2148,Employee_2148,HR,93518,Active
2149,Employee_2149,IT,136851,Inactive
2150,Employee_2150,Marketing,96248,Inactive
2151,Employee_2151,Finance,119744,Inactive
2152,Employee_2152,Finance,123079,Inactive
2153,Employee_2153,Finance,51922,Active
2154,Employee_2154,Marketing,34044,Active
2155,Employee_2155,Sales,34285,Inactive
2156,Employee_2156,IT,100465,Inactive
2157,Employee_2157,IT,132333,Inactive
2158,Employee_2158,Marketing,127323,Inactive
2159,Employee_2159,Marketing,96952,Active
2160,Employee_2160,Marketing,44969,Inactive
2161,Employee_2161,Operations,101186,Inactive
2162,Employee_2162,Marketing,137821,Active
2163,Employee_2163,Operations,124238,Inactive
2164,Employee_2164,Marketing,58644,Inactive
2165,Employee_2165,HR,126467,Active
2166,Employee_2166,Sales,144663,Active
2167,Employee_2167,Finance,64447,Inactive
2168,Employee_2168,Operations,137050,Active
2169,Employee_2169,Finance,143415,Active
2170,Employee_2170,Operations,136415,Active
2171,Employee_2171,IT,136260,Inactive
2172,Employee_2172,Operations,123159,Inactive
2173,Employee_2173,IT,110760,Active
2174,Employee_2174,Operations,57082,Active
2175,Employee_2175,Operations,37780,Inactive
2176,Employee_2176,Marketing,66842,Active
2177,Employee_2177,Sales,122281,Inactive
2178,Employee_2178,Sales,105069,Inactive
2179,Employee_2179,Operations,97425,Active
2180,Employee_2180,IT,128316,Inactive
2181,Employee_2181,HR,66349,Active
2182,Employee_2182,Support,143518,Active
2183,Employee_2183,IT,49168,Inactive
2184,Employee_2184,Operations,62447,Inactive
2185,Employee_2185,Finance,48634,Inactive
2186,Employee_2186,Support,84293,Inactive
2187,Employee_2187,Finance,39898,Active
2188,Employee_2188,Finance,97582,Inactive
2189,Employee_2189,Support,144991,Inactive
2190,Employee_2190,Finance,93968,Inactive
2191,Employee_2191,Marketing,30324,Active
2192,Employee_2192,Support,90089,Inactive
2193,Employee_2193,Operations,38300,Inactive
2194,Employee_2194,IT,86314,Active
2195,Employee_2195,Finance,65197,Inactive
2196,Employee_2196,Operations,67171,Inactive
2197,Employee_2197,Marketing,105750,Active
2198,Employee_2198,Marketing,141728,Inactive
2199,Employee_2199,Operations,75054,Active
2200,Employee_2200,HR,43051,Inactive
2201,Employee_2201,HR,46284,Active
2202,Employee_2202,Finance,89836,Active
2203,Employee_2203,Finance,56518,Active
2204,Employee_2204,Support,69566,Active
2205,Employee_2205,Operations,144897,Inactive
2206,Employee_2206,HR,115798,Inactive
2207,Employee_2207,Sales,40803,Inactive
2208,Employee_2208,Support,148462,Active
2209,Employee_2209,HR,81949,Inactive
2210,Employee_2210,Support,121677,Active
2211,Employee_2211,Finance,115915,Active
2212,Employee_2212,Support,42475,Active
2213,Employee_2213,IT,92496,Active
2214,Employee_2214,IT,107814,Active
2215,Employee_2215,Marketing,119126,Inactive
2216,Employee_2216,HR,31056,Inactive
2217,Employee_2217,Operations,45806,Inactive
2218,Employee_2218,Support,47324,Inactive
2219,Employee_2219,HR,60008,Inactive
2220,Employee_2220,HR,125782,Active
2221,Employee_2221,HR,71071,Inactive
2222,Employee_2222,Sales,47973,Inactive
2223,Employee_2223,Operations,136609,Active
2224,Employee_2224,Support,118753,Active
2225,Employee_2225,HR,99534,Active
2226,Employee_2226,Marketing,115199,Active
2227,Employee_2227,Finance,76030,Active
2228,Employee_2228,Support,128077,Active
2229,Employee_2229,Finance,110750,Inactive
2230,Employee_2230,Operations,58474,Active
2231,Employee_2231,HR,48351,Active
2232,Employee_2232,Marketing,125683,Inactive
2233,Employee_2233,Sales,86280,Inactive
2234,Employee_2234,Operations,48327,Active
2235,Employee_2235,Sales,114491,Active
2236,Employee_2236,IT,102534,Inactive
2237,Employee_2237,Operations,120502,Active
2238,Employee_2238,Operations,141027,Inactive
2239,Employee_2239,IT,97862,Active
2240,Employee_2240,Support,81347,Inactive
2241,Employee_2241,Support,37152,Active
2242,Employee_2242,Finance,80578,Active
2243,Employee_2243,IT,95481,Active
2244,Employee_2244,Marketing,146486,Active
2245,Employee_2245,Sales,71480,Active
2246,Employee_2246,Finance,142828,Inactive
2247,Employee_2247,Sales,101612,Active
2248,Employee_2248,Operations,91736,Active
2249,Employee_2249,HR,106986,Active
2250,Employee_2250,HR,64365,Active
2251,Employee_2251,HR,37925,Inactive
2252,Employee_2252,Marketing,67550,Inactive
2253,Employee_2253,Finance,121987,Inactive
2254,Employee_2254,HR,113956,Active
2255,Employee_2255,Sales,40957,Inactive
2256,Employee_2256,HR,97017,Active
2257,Employee_2257,Operations,50365,Inactive
2258,Employee_2258,Finance,106865,Active
2259,Employee_2259,Sales,121576,Inactive
2260,Employee_2260,Support,140948,Active
2261,Employee_2261,HR,62044,Active
2262,Employee_2262,Finance,45202,Inactive
2263,Employee_2263,Marketing,109800,Active
2264,Employee_2264,Sales,117304,Active
2265,Employee_2265,HR,31660,Active
2266,Employee_2266,Support,31487,Active
2267,Employee_2267,Finance,75443,Inactive
2268,Employee_2268,IT,78741,Active
2269,Employee_2269,Support,132383,Inactive
2270,Employee_2270,Support,146184,Active
2271,Employee_2271,Operations,147951,Active
2272,Employee_2272,Sales,135789,Inactive
2273,Employee_2273,Sales,98662,Active
2274,Employee_2274,Sales,123365,Active
2275,Employee_2275,Finance,89663,Inactive
2276,Employee_2276,HR,95484,Active
2277,Employee_2277,Sales,50618,Inactive
2278,Employee_2278,Operations,43487,Active
2279,Employee_2279,IT,127095,Active
2280,Employee_2280,HR,142550,Active
2281,Employee_2281,IT,36026,Inactive
2282,Employee_2282,Sales,80197,Active
2283,Employee_2283,IT,142392,Active
2284,Employee_2284,Marketing,135265,Inactive
2285,Employee_2285,IT,72179,Active
2286,Employee_2286,Finance,124409,Inactive
2287,Employee_2287,Sales,138265,Active
2288,Employee_2288,Marketing,78864,Active
2289,Employee_2289,Marketing,118254,Active
2290,Employee_2290,IT,59253,Active
2291,Employee_2291,Finance,39034,Inactive
2292,Employee_2292,Operations,67002,Inactive
2293,Employee_2293,Sales,41322,Inactive
2294,Employee_2294,HR,78354,Active
2295,Employee_2295,Sales,103899,Inactive
2296,Employee_2296,Support,111620,Active
2297,Employee_2297,Finance,78270,Inactive
2298,Employee_2298,Operations,131696,Active
2299,Employee_2299,Support,148022,Active
2300,Employee_2300,IT,30835,Inactive
2301,Employee_2301,HR,60539,Inactive
2302,Employee_2302,Support,140044,Active
2303,Employee_2303,Sales,30191,Inactive
2304,Employee_2304,Operations,126741,Inactive
2305,Employee_2305,HR,56895,Active
2306,Employee_2306,Finance,94491,Active
2307,Employee_2307,IT,123277,Inactive
2308,Employee_2308,HR,35754,Active
2309,Employee_2309,Operations,98125,Inactive
2310,Employee_2310,Support,147385,Inactive
2311,Employee_2311,Finance,128028,Active
2312,Employee_2312,Marketing,42527,Active
2313,Employee_2313,Support,137474,Inactive
2314,Employee_2314,HR,107580,Active
2315,Employee_2315,Finance,116827,Active
2316,Employee_2316,IT,68230,Inactive
2317,Employee_2317,Operations,71288,Inactive
2318,Employee_2318,Support,139038,Inactive
2319,Employee_2319,Sales,89343,Inactive
2320,Employee_2320,IT,39789,Active
2321,Employee_2321,IT,132227,Active
2322,Employee_2322,IT,43848,Active
2323,Employee_2323,Finance,91086,Inactive
2324,Employee_2324,Finance,45825,Inactive
2325,Employee_2325,Operations,57215,Inactive
2326,Employee_2326,Sales,90731,Inactive
2327,Employee_2327,Operations,45717,Active
2328,Employee_2328,IT,135853,Inactive
2329,Employee_2329,Operations,122367,Active
2330,Employee_2330,IT,139566,Inactive
2331,Employee_2331,IT,41955,Active
2332,Employee_2332,Sales,81936,Active
2333,Employee_2333,Support,69169,Inactive
2334,Employee_2334,Operations,52789,Active
2335,Employee_2335,Finance,142014,Inactive
2336,Employee_2336,Marketing,128052,Active
2337,Employee_2337,HR,90560,Active
2338,Employee_2338,Operations,134046,Active
2339,Employee_2339,HR,31567,Active
2340,Employee_2340,Operations,132361,Active
2341,Employee_2341,IT,55969,Inactive
2342,Employee_2342,Sales,119952,Active
2343,Employee_2343,Marketing,106823,Inactive
2344,Employee_2344,Operations,39828,Active
2345,Employee_2345,HR,55919,Inactive
2346,Employee_2346,Operations,46880,Active
2347,Employee_2347,Operations,138705,Inactive
2348,Employee_2348,HR,35596,Inactive
2349,Employee_2349,HR,52018,Inactive
2350,Employee_2350,Operations,124952,Inactive
2351,Employee_2351,Finance,33864,Inactive
2352,Employee_2352,Support,85923,Active
2353,Employee_2353,Sales,58143,Active
2354,Employee_2354,Sales,66681,Inactive
2355,Employee_2355,IT,34541,Active
2356,Employee_2356,Support,68680,Inactive
2357,Employee_2357,Finance,145707,Inactive
2358,Employee_2358,HR,41497,Inactive
2359,Employee_2359,Finance,47987,Inactive
2360,Employee_2360,IT,114233,Active
2361,Employee_2361,Support,135141,Active
2362,Employee_2362,Finance,132487,Inactive
2363,Employee_2363,Finance,101371,Inactive
2364,Employee_2364,Sales,149626,Inactive
2365,Employee_2365,Finance,65446,Active
2366,Employee_2366,HR,71795,Active
2367,Employee_2367,HR,147409,Inactive
2368,Employee_2368,HR,135991,Inactive
2369,Employee_2369,Marketing,76849,Active
2370,Employee_2370,IT,43124,Active
2371,Employee_2371,Support,61608,Inactive
2372,Employee_2372,Marketing,136992,Active
2373,Employee_2373,Operations,58758,Inactive
2374,Employee_2374,Sales,139998,Active
2375,Employee_2375,IT,61005,Inactive
2376,Employee_2376,Operations,126744,Inactive
2377,Employee_2377,Marketing,33697,Inactive
2378,Employee_2378,Marketing,103873,Active
2379,Employee_2379,Marketing,54672,Inactive
2380,Employee_2380,Marketing,70508,Active
2381,Employee_2381,Finance,34975,Active
2382,Employee_2382,HR,60490,Active
2383,Employee_2383,HR,99002,Inactive
2384,Employee_2384,HR,73481,Active
2385,Employee_2385,Operations,47103,Inactive
2386,Employee_2386,Support,53260,Inactive
2387,Employee_2387,HR,32872,Active
2388,Employee_2388,Marketing,122365,Active
2389,Employee_2389,Operations,44538,Inactive
2390,Employee_2390,HR,78967,Inactive
2391,Employee_2391,Marketing,43242,Inactive
2392,Employee_2392,Sales,72284,Active
2393,Employee_2393,IT,125990,Inactive
2394,Employee_2394,Operations,113789,Inactive
2395,Employee_2395,Support,71586,Active
2396,Employee_2396,Support,103659,Inactive
2397,Employee_2397,IT,117232,Active
2398,Employee_2398,Finance,70215,Inactive
2399,Employee_2399,IT,53292,Active
2400,Employee_2400,Support,105082,Inactive
2401,Employee_2401,Operations,131034,Active
2402,Employee_2402,IT,108956,Inactive
2403,Employee_2403,Operations,110134,Active
2404,Employee_2404,Support,104127,Active
2405,Employee_2405,Finance,48434,Inactive
2406,Employee_2406,Support,40198,Active
2407,Employee_2407,Sales,71879,Active
2408,Employee_2408,Support,146040,Active
2409,Employee_2409,Operations,122925,Inactive
2410,Employee_2410,Finance,31493,Inactive
2411,Employee_2411,IT,62707,Active
2412,Employee_2412,Sales,63640,Active
2413,Employee_2413,Support,30167,Active
2414,Employee_2414,Finance,87438,Inactive
2415,Employee_2415,IT,145939,Inactive
2416,Employee_2416,Finance,145575,Inactive
2417,Employee_2417,Sales,101568,Inactive
2418,Employee_2418,HR,138633,Inactive
2419,Employee_2419,Operations,143252,Active
2420,Employee_2420,IT,89151,Active
2421,Employee_2421,Operations,140855,Active
2422,Employee_2422,Sales,32631,Inactive
2423,Employee_2423,Sales,43726,Active
2424,Employee_2424,Sales,52296,Inactive
2425,Employee_2425,IT,125942,Active
2426,Employee_2426,Marketing,147718,Active
2427,Employee_2427,Sales,107860,Inactive
2428,Employee_2428,Support,34062,Inactive
2429,Employee_2429,Support,51626,Inactive
2430,Employee_2430,IT,37019,Active
2431,Employee_2431,Sales,56941,Active
2432,Employee_2432,Finance,121382,Inactive
2433,Employee_2433,Support,66899,Inactive
2434,Employee_2434,IT,42571,Active
2435,Employee_2435,Finance,104943,Inactive
2436,Employee_2436,IT,37144,Inactive
2437,Employee_2437,HR,86047,Active
2438,Employee_2438,Sales,137989,Inactive
2439,Employee_2439,IT,42712,Active
2440,Employee_2440,IT,52391,Inactive
2441,Employee_2441,HR,92071,Active
2442,Employee_2442,Sales,132875,Inactive
2443,Employee_2443,Finance,94106,Inactive
2444,Employee_2444,HR,114130,Inactive
2445,Employee_2445,IT,78630,Inactive
2446,Employee_2446,Sales,54455,Inactive
2447,Employee_2447,HR,64510,Inactive
2448,Employee_2448,Finance,64524,Active
2449,Employee_2449,Operations,65200,Active
2450,Employee_2450,IT,128596,Active
2451,Employee_2451,HR,117574,Inactive
2452,Employee_2452,Operations,100968,Inactive
2453,Employee_2453,Operations,107296,Active
2454,Employee_2454,Marketing,37993,Inactive
2455,Employee_2455,Operations,98495,Inactive
2456,Employee_2456,Marketing,120055,Inactive
2457,Employee_2457,Marketing,145560,Active
2458,Employee_2458,Finance,69171,Active
2459,Employee_2459,Finance,148328,Active
2460,Employee_2460,Marketing,104870,Active
2461,Employee_2461,HR,129246,Inactive
2462,Employee_2462,IT,51910,Active
2463,Employee_2463,Operations,55260,Active
2464,Employee_2464,HR,85492,Active
2465,Employee_2465,Support,87067,Active
2466,Employee_2466,Operations,112211,Active
2467,Employee_2467,Operations,107994,Inactive
2468,Employee_2468,Sales,149380,Active
2469,Employee_2469,HR,80868,Inactive
2470,Employee_2470,Marketing,72746,Inactive
2471,Employee_2471,Marketing,90051,Active
2472,Employee_2472,Operations,121804,Inactive
2473,Employee_2473,HR,84321,Active
2474,Employee_2474,IT,104264,Active
2475,Employee_2475,HR,103752,Active
2476,Employee_2476,Operations,67498,Inactive
2477,Employee_2477,Finance,64620,Inactive
2478,Employee_2478,Support,93646,Inactive
2479,Employee_2479,HR,52570,Inactive
2480,Employee_2480,Finance,48855,Inactive
2481,Employee_2481,HR,81877,Inactive
2482,Employee_2482,Support,61139,Active
2483,Employee_2483,Support,92287,Inactive
2484,Employee_2484,Sales,32651,Inactive
2485,Employee_2485,Operations,134025,Inactive
2486,Employee_2486,Sales,66745,Inactive
2487,Employee_2487,Operations,121250,Active
2488,Employee_2488,Operations,59878,Active
2489,Employee_2489,Sales,127481,Inactive
2490,Employee_2490,Operations,138242,Inactive
2491,Employee_2491,Sales,125525,Inactive
2492,Employee_2492,Marketing,114614,Active
2493,Employee_2493,IT,87896,Active
2494,Employee_2494,Operations,83368,Inactive
2495,Employee_2495,Operations,97698,Inactive
2496,Employee_2496,Operations,37367,Active
2497,Employee_2497,HR,70779,Inactive
2498,Employee_2498,IT,132303,Active
2499,Employee_2499,IT,55265,Active
2500,Employee_2500,Operations,37553,Active
